Animal,Drug,DateIndex,StimIntensity,Trial1,Trial2,Trial3,Trial4,Trial5,Trial6,Trial7,Trial8,Trial9,Trial10,Trial11,Trial12,Trial13,Trial14,Trial15,Trial16,Trial17,Trial18,Trial19,Trial20,Trial21,Trial22,Trial23,Trial24,Trial25,Trial26,Trial27,Trial28,Trial29,Trial30
ZZ14,Psilocybin stim/resp Baseline,22120-002,1,2.29767101700418e-06,4.6716477299924e-06,1.20443064588471e-05,4.17030278185848e-05,1.26906343211886e-05,1.71045230672462e-05,1.52851025632117e-05,1.40219617605908e-06,1.99697569769341e-05,2.90486095764209e-05,2.53849630098557e-05,1.09835600596853e-05,2.29679117182968e-05,2.23275619646301e-05,1.58545954036526e-05,2.47883981501218e-05,7.5317748269299e-06,3.69424151358544e-06,-3.61019783667871e-06,2.88717310468201e-05,3.33837488142308e-06,3.18779748340603e-05,3.2721054594731e-05,1.6522371879546e-05,1.27709872685955e-05,0,0,0,0,0
ZZ14,Psilocybin stim/resp Baseline,22120-002,50,1.7081141777453e-05,4.96755910717184e-06,1.44523919516359e-05,1.2919032087666e-05,1.96203927771421e-05,3.24441280099563e-05,-7.6624291978078e-07,-6.754285095667e-06,7.86865894042421e-06,7.19841409591027e-06,2.62261091847904e-05,-4.0480026655132e-06,1.13816277007572e-05,2.46229428739753e-05,5.6407880038023e-06,1.38002687890548e-05,3.35606164298952e-05,4.74848820886109e-06,1.15374095912557e-05,3.12789416057058e-05,4.20237302023452e-06,-1.69770519278245e-05,3.35908516717609e-05,4.22610901296139e-06,-4.39156428910792e-06,0,0,0,0,0
ZZ14,Psilocybin stim/resp Baseline,22120-002,100,1.46665479405783e-05,3.23833137372276e-06,1.8899331735156e-06,5.13582290295744e-06,1.9862680346705e-05,-6.4210980781354e-06,-6.1483933677664e-06,2.39152504946105e-05,2.07138418772956e-05,4.69209589937236e-05,3.98988922825083e-05,4.5368964492809e-05,-2.31208741752198e-06,3.15375800710171e-05,-5.30461875314359e-07,-5.40133441973012e-07,1.11839981400408e-05,1.65721285156906e-05,3.64942388841882e-05,-2.18007953662891e-05,3.46095766872168e-05,3.51569215126801e-05,1.94122221728321e-05,3.39458456437569e-05,1.76576650119387e-05,0,0,0,0,0
ZZ14,Psilocybin stim/resp Baseline,22120-002,150,7.3802366387099e-05,5.72515127714723e-05,7.71453051129356e-05,9.4861003162805e-05,5.47286108485423e-05,6.31514703854918e-05,7.86570453783497e-05,5.63695793971419e-05,9.45631618378684e-05,0.000125044040032662,3.39541184075642e-05,7.09017986082472e-05,4.24664540332742e-05,6.94257541908883e-05,6.57468117424287e-05,4.01214929297566e-05,7.11117318132892e-05,2.66250590357231e-05,9.60664474405348e-05,9.79147262114566e-06,2.81846150755882e-05,4.14046589867212e-05,9.96518792817369e-05,9.56836884142831e-05,9.49554159888066e-05,0,0,0,0,0
ZZ14,Psilocybin stim/resp Baseline,22120-002,200,5.58786814508494e-05,3.6033226933796e-05,6.42549421172589e-05,3.1370553188026e-05,7.20079042366706e-05,7.41898766136728e-05,8.22023648652248e-05,0.000114679896796588,8.57682462083176e-05,8.05686067906208e-05,5.94109806115739e-05,9.23943589441478e-05,9.00685554370284e-05,6.74960756441578e-05,7.15757269063033e-05,2.9179598641349e-05,4.58988979517017e-05,0.000120379423606209,1.89510319614783e-05,5.8077355788555e-05,8.09253542684019e-05,7.53336207708344e-05,4.53603424830362e-05,7.34596833353862e-05,6.95156049914658e-05,0,0,0,0,0
ZZ14,Psilocybin stim/resp Baseline,22120-002,300,3.06289221043698e-05,5.04803501826245e-05,6.94939808454365e-05,0.000101430669019464,6.75908522680402e-05,6.22553052380681e-05,9.36411306611262e-05,0.000110896158730611,5.33021448063664e-05,4.23725723521784e-05,5.41557783435564e-05,5.33603488293011e-05,6.80645171087235e-05,7.74299624026753e-05,8.37499683257192e-05,6.28937050350942e-05,8.28344491310418e-05,9.33473347686231e-05,9.07120847841725e-05,8.32029836601578e-05,8.83498723851517e-05,8.16666288301349e-05,7.46665464248508e-05,0.000115443872346077,0.000113241832877975,0,0,0,0,0
ZZ14,Psilocybin stim/resp Baseline,22120-002,400,6.15593744441867e-05,4.82855393784121e-05,2.38711199926911e-05,5.75243866478559e-05,0.000102128164144233,9.15066266315989e-05,7.44038698030636e-05,9.49160312302411e-05,5.04026284033898e-05,9.29633242776617e-05,9.81031989795156e-05,0.000112038316729013,5.09960409544874e-05,8.55233374750242e-05,7.55996516090818e-05,8.23377413325943e-05,8.96063284017146e-05,0.00010171585745411,9.49420500546694e-05,4.85735290567391e-05,7.40697796572931e-05,8.44991518533789e-05,7.39968236302957e-05,0.000121682969620451,2.79702835541684e-05,0,0,0,0,0
ZZ14,Psilocybin stim/resp Baseline,22120-002,500,9.46869331528433e-05,2.00522208615439e-05,4.69118276669178e-05,6.92807006998919e-05,8.90157389221713e-05,0.00010990154260071,5.25912910234183e-05,7.75929656811059e-05,0.000121411168947816,6.56857955618761e-05,4.86901117255911e-05,0.000129941981867887,7.13591216481291e-05,9.92854475043714e-05,9.48435917962343e-05,3.20810577250086e-05,6.98475632816553e-05,9.51182300923392e-05,5.32676858711056e-05,3.10305040329695e-05,6.94343689247034e-05,6.05271234235261e-05,5.75451376789715e-05,5.36768311576452e-05,0.000125545833725482,0,0,0,0,0
ZZ14,Psilocybin stim/resp Baseline,22120-002,600,5.74691839574371e-05,8.56524056871422e-05,0.000107413456134964,5.85118214075919e-05,8.15746752778068e-05,0.000119661708595231,0.000123813282698393,7.65306467656046e-05,6.59205179545097e-05,0.000107185405795462,9.76780647761188e-05,0.000109093278297223,8.91458403202705e-05,0.000132226807181723,4.92708495585248e-05,0.000101978184829932,9.2783993750345e-05,7.77673849370331e-05,9.35980497160926e-05,5.2252653404139e-05,7.95423256931826e-05,0.000114739676064346,6.78749856888317e-05,4.0579165215604e-05,9.26821958273649e-05,0,0,0,0,0
ZZ14,Psilocybin stim/resp hour 24,22121-001,1,1.25549049698748e-05,-3.30257498717401e-05,1.43834704431356e-05,2.40460649365559e-05,1.10215360109578e-05,1.42596963996766e-05,1.61524385475786e-05,1.55810121214017e-05,3.18241814056819e-06,9.5641353254905e-06,3.21670340781566e-05,2.08175697480328e-06,2.14399733522441e-06,1.70032508322038e-05,-2.8135378670413e-05,2.86192480416503e-05,1.93181531358277e-05,2.53061916737352e-05,6.72087162456592e-06,3.08683920593467e-05,-2.4968767320388e-06,8.21643243398285e-06,-2.19064495468047e-05,1.00539800769184e-05,1.21626362670213e-05,0,0,0,0,0
ZZ14,Psilocybin stim/resp hour 24,22121-001,50,3.89714296034072e-05,2.22507223952562e-05,1.91729195648804e-05,1.31713386508636e-05,2.54821970884223e-05,1.44749001265154e-05,2.01904149434995e-05,1.14303284135531e-05,1.76265493792016e-05,1.18391180876642e-05,1.22853616630891e-05,4.80047456221655e-05,1.8133272533305e-05,2.61348577623721e-05,2.22751641558716e-05,-3.86022111342754e-06,1.5400793927256e-05,2.31648300541565e-06,2.02385908778524e-05,2.72033394139726e-05,2.98050072160549e-05,-2.64035224972758e-06,3.41895429301076e-05,3.15801335091237e-05,1.33916482809582e-05,0,0,0,0,0
ZZ14,Psilocybin stim/resp hour 24,22121-001,100,7.71498889662325e-06,-8.28993142931722e-06,1.87363493751036e-05,1.75212226167787e-05,2.62930952885654e-05,4.04887987315306e-06,1.66365134646185e-06,1.44349860420334e-05,7.67419624025933e-06,4.89776175527368e-06,1.57629838213325e-05,-5.05107755088829e-06,4.03460217057727e-05,3.82410471502226e-05,-9.12176574274781e-07,9.65203980740625e-06,1.87458444997901e-05,1.09610537037952e-05,3.04089699056931e-05,2.9125625587767e-05,2.90937987301731e-05,1.12421976155019e-05,-3.33309799316339e-06,1.24845710161026e-05,-3.05040903185727e-05,0,0,0,0,0
ZZ14,Psilocybin stim/resp hour 24,22121-001,150,6.53046081424691e-05,5.05329153384082e-05,4.27252743975259e-05,6.95207054377533e-05,5.1100487326039e-05,3.32958152284846e-05,7.95467203715816e-05,8.34614402265288e-05,6.02983709541149e-05,6.55498806736432e-05,0.00010348430078011,4.80276030430105e-05,6.2916922615841e-05,8.97090285434388e-06,5.72140561416745e-05,4.35090987593867e-05,5.40567889402155e-05,5.60075532121118e-05,4.11854016419966e-05,5.11131329403725e-05,6.68072098051198e-05,4.90985403303057e-05,4.95430358569138e-05,6.64938852423802e-05,7.64936994528398e-05,0,0,0,0,0
ZZ14,Psilocybin stim/resp hour 24,22121-001,200,8.73592944117263e-05,3.08861599478405e-05,8.02732247393578e-05,4.04610073019285e-05,8.21320427348837e-05,0.000109225657070056,4.44233810412697e-05,6.66967898723669e-05,7.8493874752894e-05,5.65002083021682e-05,6.02871186856646e-05,6.66823762003332e-05,5.4917974921409e-05,4.79759110021405e-05,5.14960884174798e-05,8.58183702803217e-05,6.78642536513507e-05,1.35500686155865e-05,9.94526490103453e-05,0.000108024614746682,7.547129644081e-05,9.09081136342138e-05,6.96852657711133e-05,9.49856621446088e-05,9.5735551440157e-05,0,0,0,0,0
ZZ14,Psilocybin stim/resp hour 24,22121-001,300,7.76585511630401e-05,9.72353300312534e-05,7.1784968895372e-05,5.87219292356167e-05,9.72260240814649e-05,0.000113849484478123,9.11836468731053e-05,5.28253149241209e-05,8.4089842857793e-05,0.000114415823190939,6.75090923323296e-05,8.04020965006202e-05,0.000120025491924025,9.33972769416869e-05,3.75178860849701e-05,7.30962565285154e-05,5.0626287702471e-05,7.35920693841763e-05,0.000122090903460048,8.29591153888032e-05,0.000153283501276746,9.57670054049231e-05,5.33483980689198e-05,9.91335255093873e-05,8.16247920738533e-05,0,0,0,0,0
ZZ14,Psilocybin stim/resp hour 24,22121-001,400,7.92764840298332e-05,8.61531370901503e-05,6.48914210614748e-05,8.976773096947e-05,0.000128097221022472,0.000135072012199089,8.90674127731472e-05,7.02361357980408e-05,5.99584964220412e-05,5.06737633259036e-05,9.95342270471156e-05,7.83833020250313e-05,0.000116110066301189,9.00731392903253e-05,7.78292742324993e-05,8.74313700478524e-05,0.000128129046061076,0.000118210453365464,0.000126963685033843,0.00013373204274103,8.88077192939818e-05,0.000109442094981205,5.21909423696343e-05,8.93376563908532e-05,0.000112145760795102,0,0,0,0,0
ZZ14,Psilocybin stim/resp hour 24,22121-001,500,5.71727432543412e-05,9.49724781094119e-05,8.90927476575598e-05,6.52891394565813e-05,8.71774827828631e-05,9.10967864911072e-05,0.000100279030448291,0.000107811341877095,8.67425042088144e-05,5.3023461077828e-05,8.41724759084173e-05,0.000109011700260453,8.80903608049266e-05,4.08068590331823e-05,4.84641786897555e-05,9.94871152215637e-05,9.0296431153547e-05,5.34271603100933e-05,7.65065415180288e-05,7.35133071430027e-05,7.84443036536686e-05,9.27386281546205e-05,6.01656211074442e-05,8.99312435649335e-05,9.5216695626732e-05,0,0,0,0,0
ZZ14,Psilocybin stim/resp hour 24,22121-001,600,0.000100852033938281,0.000105863386124838,6.03317748755217e-05,8.60787549754605e-05,9.63690399657935e-05,8.12719081295654e-05,8.13466249383055e-05,-1.18523066703347e-05,0.000103383732493967,0.00013670242333319,0.000109595239337068,0.0001553582114866,0.000111136876512319,2.65058424702147e-05,9.95129666989669e-05,9.54981878749095e-05,8.01949863671325e-05,7.2349350375589e-05,0.000150037260027602,7.66083467169665e-05,8.75630721566267e-05,6.86234780005179e-05,4.90839520352893e-05,6.8497218308039e-05,9.70663604675792e-05,0,0,0,0,0
ZZ15,Psilocybin stim/resp Baseline,22216-006,1,1.41408345371019e-05,1.09621087176492e-05,-5.69318717680289e-06,3.31375895257224e-06,1.91841854757513e-06,1.23236895888112e-05,-3.68650512427848e-06,8.43674479256151e-06,1.45582380355336e-05,1.71059218700975e-06,3.83788892577286e-06,3.78866025130264e-06,3.39076996169752e-06,4.31648186349776e-06,-1.01591376733268e-06,8.45626436785096e-06,1.70790317497449e-05,2.0220653823344e-05,9.741886970005e-06,2.8399126676959e-06,6.96193365001818e-06,8.7859177710925e-07,1.31199985844432e-05,9.39955157264194e-07,1.27890980365919e-05,0,0,0,0,0
ZZ15,Psilocybin stim/resp Baseline,22216-006,50,1.41070759127615e-05,1.34591618916602e-05,8.96246001502732e-06,7.05529510014458e-06,6.2434992287308e-07,6.78347396387835e-06,1.63752065418521e-05,1.61445259436732e-05,8.96421624929644e-06,-1.84685359272407e-06,7.81643757363781e-06,2.57898682320956e-06,-1.04228565760422e-05,4.91112132294802e-06,2.61963677417043e-08,1.95882166735828e-05,3.55604424839839e-06,1.61531370395096e-05,7.92931768955896e-06,1.1808704584837e-05,1.14349013529136e-05,2.50018474616809e-05,7.09819596522721e-06,1.67222824529745e-05,6.28676480118884e-06,0,0,0,0,0
ZZ15,Psilocybin stim/resp Baseline,22216-006,100,2.18412278627511e-05,2.27254513447406e-05,1.2381713531795e-05,7.47727335692616e-06,1.31143724502181e-05,2.48471205850365e-05,2.32863258133875e-05,1.99963051272789e-05,2.65169219346717e-05,-1.04720493254717e-06,7.6133624133945e-06,3.24165230267681e-05,1.56267233251128e-05,2.71337157755625e-05,1.49153393067536e-05,1.14069443952758e-05,8.9714267232921e-06,2.92692693619756e-05,1.80587267095689e-05,6.50531910650898e-06,1.53462842718e-05,1.43022407428361e-05,9.47621811064892e-06,5.14092516823439e-06,1.20620652523939e-05,0,0,0,0,0
ZZ15,Psilocybin stim/resp Baseline,22216-006,150,3.4151911677327e-05,3.37682613462675e-05,3.30134498653933e-05,1.84673372132238e-05,2.54051810770761e-05,2.9594722946058e-05,3.35567456204444e-05,2.57529572991189e-05,2.55099730566144e-05,3.72597751265857e-05,2.03474301088136e-05,2.7924210371566e-05,4.97649161843583e-05,1.1852653187816e-05,3.77095348085277e-05,4.73128784506116e-05,3.13856653519906e-05,2.32731399592012e-05,1.89816237252671e-05,2.84652287518838e-05,3.72787617379799e-05,3.48386820405722e-05,1.76692738023121e-05,2.86545891867718e-05,2.30760451813694e-05,0,0,0,0,0
ZZ15,Psilocybin stim/resp Baseline,22216-006,200,3.9449139876524e-05,3.3604748750804e-05,4.15519971284084e-05,5.25874202139676e-05,2.06090553547256e-05,2.39920900639845e-05,1.94688327610493e-05,4.53765205747914e-05,4.0050992538454e-05,3.88532716897316e-05,4.22241755586583e-05,4.89299309265334e-05,3.95103270420805e-05,4.48233768111095e-05,5.66857088415418e-05,2.04989901249064e-05,1.76029880094575e-05,2.42814930970781e-05,3.05731846310664e-05,3.62730461347383e-05,3.27122579619754e-05,2.85336209344678e-05,4.28961648140103e-05,2.3971515474841e-05,4.5357537601376e-05,0,0,0,0,0
ZZ15,Psilocybin stim/resp Baseline,22216-006,300,3.89239539799746e-05,5.65065529372077e-05,5.02999537275173e-05,4.36135342170019e-05,5.0663194997469e-05,5.61573506274726e-05,5.14769199071452e-05,4.2889663745882e-05,4.17114642914385e-05,6.16759425611235e-05,5.74730620428454e-05,6.0224348999327e-05,5.82315587962512e-05,5.82032480451744e-05,6.10218849033117e-05,4.34739304182585e-05,4.34094035881571e-05,5.142768350197e-05,5.04671625094488e-05,5.3503827075474e-05,4.82802643091418e-05,4.39841714978684e-05,4.07590341637842e-05,4.85942837258335e-05,4.28073799412232e-05,0,0,0,0,0
ZZ15,Psilocybin stim/resp Baseline,22216-006,400,6.20464052190073e-05,7.93874278315343e-05,4.43439130322076e-05,4.26976766902953e-05,5.45580551261082e-05,6.32666342426091e-05,5.85942834732123e-05,6.25399552518502e-05,5.84981025895104e-05,5.53517384105362e-05,5.52921228518244e-05,4.04706806875765e-05,6.00643434154335e-05,6.70908048050478e-05,6.34765747236088e-05,4.05415376008023e-05,3.47551649610978e-05,6.09339767834172e-05,8.34204838611186e-05,4.44100151071325e-05,5.28086093254387e-05,4.35027650382835e-05,5.80040286877193e-05,5.9020134358434e-05,5.21781075804029e-05,0,0,0,0,0
ZZ15,Psilocybin stim/resp Baseline,22216-006,500,6.86289204168133e-05,3.44905456586275e-05,4.38552888226695e-05,4.76713867101353e-05,5.28244345332496e-05,4.69258848170284e-05,5.77759929001331e-05,5.44979266123846e-05,5.39947141078301e-05,5.67729184695054e-05,5.03996488987468e-05,4.9845089961309e-05,4.96175744046923e-05,4.5244818466017e-05,6.99175288900733e-05,8.22726942715235e-05,6.85445193084888e-05,4.59963011962827e-05,5.65613991057035e-05,9.13358962861821e-05,5.91875068494119e-05,6.25406610197388e-05,5.71718774153851e-05,6.48205750621855e-05,5.61872438993305e-05,0,0,0,0,0
ZZ15,Psilocybin stim/resp Baseline,22216-006,600,5.49431242689025e-05,5.35103245056234e-05,6.09346789133269e-05,7.56812150939368e-05,7.73877691244707e-05,6.20228529442102e-05,5.84435947530437e-05,5.78164326725528e-05,7.79549882281572e-05,7.51076804590411e-05,5.35451217729133e-05,6.14916862105019e-05,4.77916473755613e-05,5.51296725461725e-05,6.33997333352454e-05,6.86180210323073e-05,6.83959515299648e-05,4.04641759814695e-05,6.30398208159022e-05,6.56082484056242e-05,5.09098754264414e-05,5.60305852559395e-05,4.24896643380634e-05,5.19502464157995e-05,4.07924308092333e-05,0,0,0,0,0
ZZ15,Psilocybin stim/resp hour 24,22217-001,1,2.36474734265357e-05,6.72580245009158e-06,9.23094557947479e-06,1.6551206499571e-05,-3.68703285857919e-06,1.51581534737488e-05,4.98356394018629e-06,4.86153749079676e-06,2.14839565160219e-06,1.16370956675382e-05,4.58180193163571e-06,4.4172306843393e-06,2.04749012482353e-05,6.52202743367525e-06,2.48105243372265e-06,2.49450549745234e-05,2.01387265406083e-05,1.60420204338152e-05,-4.81547203889932e-06,2.61156892520376e-05,-1.27171852000174e-05,8.88984413904836e-06,-2.66531787929125e-06,3.88008811569307e-06,-1.31903289002366e-06,0,0,0,0,0
ZZ15,Psilocybin stim/resp hour 24,22217-001,50,-5.07780532643665e-06,1.60852741828421e-05,1.05886574601755e-05,8.38857340568211e-06,1.63189451996004e-05,4.95155927637825e-06,1.21909451991087e-05,-6.13960446571582e-06,3.96307768824045e-07,-1.63041352152504e-06,1.28947685880121e-05,-3.05494495478342e-06,7.34786817702116e-06,2.01418879441917e-05,-8.25230927148368e-06,2.28757853619754e-05,3.57267672370654e-05,1.13033811430796e-05,1.08168806036701e-05,1.49355601024581e-05,4.49775870947633e-06,-3.90681361750467e-06,-6.52044400339946e-06,1.75941950146807e-05,1.05412291304674e-05,0,0,0,0,0
ZZ15,Psilocybin stim/resp hour 24,22217-001,100,5.67384586247499e-06,2.12337545235641e-05,7.66822086006869e-06,1.78586378751788e-05,1.72455384017667e-05,5.42769203093485e-06,2.61884815699887e-05,1.40490556077566e-05,3.19036407745443e-05,6.52606331641437e-06,9.75806597125484e-06,1.12585494207451e-05,1.89214952115435e-05,1.68302412930643e-05,1.90280425158562e-05,6.6609227360459e-06,1.1746814379876e-05,3.28778878611047e-05,1.14192516775802e-05,1.19391625048593e-05,2.42377100221347e-05,1.17148101708153e-05,5.28843975189375e-06,2.49918230110779e-05,2.48212745646015e-05,0,0,0,0,0
ZZ15,Psilocybin stim/resp hour 24,22217-001,150,3.25649198202882e-05,2.21571826841682e-05,2.24847462959588e-05,1.79476028279169e-05,4.62707721453626e-05,3.03841734421439e-05,3.1872172257863e-05,2.7325535484124e-05,5.11395264766179e-05,2.38150314544328e-05,4.11945438827388e-05,4.21229015046265e-05,2.71059325314127e-05,2.15147229027934e-05,4.11275577789638e-05,2.59592052316293e-05,5.67071620025672e-05,2.78937986877281e-05,4.05809150834102e-05,2.27729251491837e-05,1.23305471788626e-05,4.33578898082487e-05,1.1514194738993e-05,3.844940874842e-05,5.63110297662206e-05,0,0,0,0,0
ZZ15,Psilocybin stim/resp hour 24,22217-001,200,3.678364737425e-05,1.95187694771448e-05,2.75203528872225e-05,3.86697101930622e-05,5.23266789969057e-05,3.04701479763025e-05,6.00318162469193e-05,4.45489204139449e-05,4.29151659773197e-05,2.61432960542152e-05,6.48752466076985e-05,4.89276535518002e-05,4.96235588798299e-05,5.19011882715859e-05,3.99869823013432e-05,4.07991210522596e-05,2.90836032945663e-05,3.83776641683653e-05,6.6786102252081e-05,6.91509339958429e-05,2.92154691123869e-05,4.96091342938598e-05,6.20056234765798e-05,6.13986776443198e-05,5.0329850637354e-05,0,0,0,0,0
ZZ15,Psilocybin stim/resp hour 24,22217-001,300,4.02120422222652e-05,1.99177120521199e-05,3.94141461583786e-05,3.85552521038335e-05,4.06491453759372e-05,1.61978023243137e-05,4.51848754892126e-05,2.13717758015264e-05,4.97700239066035e-05,5.83915571041871e-05,3.87010077247396e-05,6.46081607555971e-05,3.942698094761e-05,3.69272966054268e-05,7.95915475464426e-05,9.3945134722162e-05,3.51483067788649e-05,3.67444336006884e-05,7.15161295374855e-05,7.00355012668297e-05,4.62438656541053e-05,5.36618936166633e-05,5.41872468602378e-05,6.97712530381978e-05,5.39518150617369e-05,0,0,0,0,0
ZZ15,Psilocybin stim/resp hour 24,22217-001,400,1.30484841065481e-05,3.54980256815907e-05,5.32900157850236e-05,3.29868962580804e-05,5.25060240761377e-05,7.07894505467266e-05,4.42823693447281e-05,7.93292274465784e-05,6.14923992543481e-05,9.05805572983809e-05,5.45740585948806e-05,7.77100649429485e-05,6.37112825643271e-05,5.21364345331676e-05,6.59470679238439e-05,7.54171414882876e-05,7.20043899491429e-05,5.77248356421478e-05,2.81443553831195e-05,3.91709836549126e-05,4.86668905068655e-05,6.29679052508436e-05,7.99465415184386e-05,3.7204212276265e-05,8.84666151250713e-05,0,0,0,0,0
ZZ15,Psilocybin stim/resp hour 24,22217-001,500,5.89380179008003e-05,4.00610115320887e-05,6.36159966234118e-05,3.86153878935147e-05,4.09250096709002e-05,6.38231140328571e-05,3.71287896996364e-05,5.46136179764289e-05,5.68370960536413e-05,5.25206123711541e-05,7.4841474997811e-05,5.02612747368403e-05,7.11410903022625e-05,7.24247802281752e-05,8.87723799678497e-05,5.99585073359776e-05,5.90220661251806e-05,5.54702419321984e-05,6.99644733686e-05,6.10347269685008e-05,5.91156058362685e-05,8.12850921647623e-05,4.99315974593628e-05,2.27338714466896e-05,4.75015403935686e-05,0,0,0,0,0
ZZ15,Psilocybin stim/resp hour 24,22217-001,600,5.64947695238516e-05,2.2461186745204e-05,5.02317379869055e-05,4.73835571028758e-05,1.63071636052337e-05,4.2488616600167e-05,4.22287521359976e-05,4.28311141149607e-05,3.52933639078401e-05,4.99537600262556e-05,4.83363583043683e-05,6.23008236289024e-05,7.53831991460174e-05,3.84022860089317e-05,5.75335398025345e-05,0.000102018799225334,5.1954291848233e-05,7.74916843511164e-05,7.19994641258381e-05,4.8923073336482e-05,7.47247395338491e-05,6.11551658948883e-05,7.44894932722673e-05,5.58122192160226e-05,6.49965659249574e-05,0,0,0,0,0
ZZ19,Psilocybin stim/resp Baseline,22705-003,1,-2.73740533884848e-06,1.93125015357509e-06,6.40843973087613e-06,7.35296453058254e-07,5.25010727869812e-06,0,0,0,0,0,0,0,0,0,0,0,0,0,0,0,0,0,0,0,0,0,0,0,0,0
ZZ19,Psilocybin stim/resp Baseline,22705-003,50,3.97344911107211e-06,3.38461177307181e-07,-2.31947115025832e-06,5.64676884096116e-06,-7.50065737520345e-07,0,0,0,0,0,0,0,0,0,0,0,0,0,0,0,0,0,0,0,0,0,0,0,0,0
ZZ19,Psilocybin stim/resp Baseline,22705-003,100,1.29149875647272e-05,6.24105541646713e-06,-1.09563079604413e-05,-4.89230751554715e-06,-4.37925154983532e-06,0,0,0,0,0,0,0,0,0,0,0,0,0,0,0,0,0,0,0,0,0,0,0,0,0
ZZ19,Psilocybin stim/resp Baseline,22705-003,150,6.73881186230574e-06,3.04193258671148e-06,-5.52613187210227e-07,-3.06816218653694e-07,8.41213113744743e-06,0,0,0,0,0,0,0,0,0,0,0,0,0,0,0,0,0,0,0,0,0,0,0,0,0
ZZ19,Psilocybin stim/resp Baseline,22705-003,200,2.49036907007394e-06,2.70962482318282e-06,4.49160506832413e-06,-1.38514110403776e-06,1.42470253194915e-06,0,0,0,0,0,0,0,0,0,0,0,0,0,0,0,0,0,0,0,0,0,0,0,0,0
ZZ19,Psilocybin stim/resp Baseline,22705-003,300,-5.37371397513198e-06,3.41766985911818e-06,4.76149170935969e-06,3.65468031304772e-06,5.45318607692025e-06,0,0,0,0,0,0,0,0,0,0,0,0,0,0,0,0,0,0,0,0,0,0,0,0,0
ZZ19,Psilocybin stim/resp Baseline,22705-003,400,-2.38804409491422e-06,-3.60580224878504e-06,-3.78690174329677e-06,9.96747417048027e-07,2.28799990509287e-06,0,0,0,0,0,0,0,0,0,0,0,0,0,0,0,0,0,0,0,0,0,0,0,0,0
ZZ19,Psilocybin stim/resp Baseline,22705-003,500,-2.55068334809039e-06,2.95507288683439e-06,-9.26382290344918e-06,1.46127490552317e-06,5.80132018512813e-06,0,0,0,0,0,0,0,0,0,0,0,0,0,0,0,0,0,0,0,0,0,0,0,0,0
ZZ19,Psilocybin stim/resp Baseline,22705-003,600,-2.72580291493796e-06,1.20369600153936e-06,4.53186976301367e-06,-8.64879950768227e-07,-4.38540700997692e-06,0,0,0,0,0,0,0,0,0,0,0,0,0,0,0,0,0,0,0,0,0,0,0,0,0
ZZ19,Psilocybin stim/resp hour 24,22706-002,1,5.83735527470708e-07,-1.48694448398601e-06,3.37407129791245e-07,-1.23429117593332e-07,1.80483584699687e-06,0,0,0,0,0,0,0,0,0,0,0,0,0,0,0,0,0,0,0,0,0,0,0,0,0
ZZ19,Psilocybin stim/resp hour 24,22706-002,50,2.53239568337449e-06,-2.22153903450817e-06,-1.04615355667192e-06,7.2789439400367e-06,3.78866070605e-06,0,0,0,0,0,0,0,0,0,0,0,0,0,0,0,0,0,0,0,0,0,0,0,0,0
ZZ19,Psilocybin stim/resp hour 24,22706-002,100,1.43929560181277e-06,-4.15736167269642e-06,-5.37547248313786e-06,5.31516434421064e-06,2.54927499554469e-06,0,0,0,0,0,0,0,0,0,0,0,0,0,0,0,0,0,0,0,0,0,0,0,0,0
ZZ19,Psilocybin stim/resp hour 24,22706-002,150,-6.23560526946676e-06,7.208795977931e-07,5.72008821109193e-06,8.95296670933021e-06,-2.23244160224567e-06,0,0,0,0,0,0,0,0,0,0,0,0,0,0,0,0,0,0,0,0,0,0,0,0,0
ZZ19,Psilocybin stim/resp hour 24,22706-002,200,4.52712356491247e-06,9.86637132882606e-06,3.38549398293253e-06,1.23551603792293e-06,2.95209673595309e-07,0,0,0,0,0,0,0,0,0,0,0,0,0,0,0,0,0,0,0,0,0,0,0,0,0
ZZ19,Psilocybin stim/resp hour 24,22706-002,300,4.46857211500173e-06,-7.76791409862199e-07,-5.4827110034239e-06,7.99877125245985e-06,-6.63226364849834e-06,0,0,0,0,0,0,0,0,0,0,0,0,0,0,0,0,0,0,0,0,0,0,0,0,0
ZZ19,Psilocybin stim/resp hour 24,22706-002,400,3.48307730746455e-06,9.48553588386858e-06,1.82100734491542e-06,3.52896768163191e-06,2.96298821922392e-06,0,0,0,0,0,0,0,0,0,0,0,0,0,0,0,0,0,0,0,0,0,0,0,0,0
ZZ19,Psilocybin stim/resp hour 24,22706-002,500,7.67647406973992e-07,-3.27789030052372e-06,8.13749284134246e-06,-2.6004499886767e-07,7.21863898434094e-06,0,0,0,0,0,0,0,0,0,0,0,0,0,0,0,0,0,0,0,0,0,0,0,0,0
ZZ19,Psilocybin stim/resp hour 24,22706-002,600,-4.74144917461672e-06,-8.21766570879845e-06,1.01705545603181e-05,-3.3058474855352e-06,-2.52236782216642e-06,0,0,0,0,0,0,0,0,0,0,0,0,0,0,0,0,0,0,0,0,0,0,0,0,0
ZZ19,Psilocybin stim/resp Baseline,22826-002,1,-3.36562652591965e-06,3.20457002089825e-06,5.4143297347764e-06,-6.23173764324747e-06,2.4170549295377e-06,0,0,0,0,0,0,0,0,0,0,0,0,0,0,0,0,0,0,0,0,0,0,0,0,0
ZZ19,Psilocybin stim/resp Baseline,22826-002,50,9.02259307622444e-06,-7.9899764386937e-06,1.03006586869014e-05,3.24764960168977e-06,2.34566846302187e-06,0,0,0,0,0,0,0,0,0,0,0,0,0,0,0,0,0,0,0,0,0,0,0,0,0
ZZ19,Psilocybin stim/resp Baseline,22826-002,100,-1.59806756983016e-06,-1.02909837096377e-06,-3.57485919266765e-06,-9.132660125033e-06,-9.9446197054931e-07,0,0,0,0,0,0,0,0,0,0,0,0,0,0,0,0,0,0,0,0,0,0,0,0,0
ZZ19,Psilocybin stim/resp Baseline,22826-002,150,-1.3042107639194e-05,-3.04298896480759e-06,-3.73274747289543e-06,-1.10802620838513e-05,-9.37881304707844e-06,0,0,0,0,0,0,0,0,0,0,0,0,0,0,0,0,0,0,0,0,0,0,0,0,0
ZZ19,Psilocybin stim/resp Baseline,22826-002,200,-3.07694563161931e-08,-2.16878902392637e-06,4.36360460298602e-06,-9.68580570770428e-06,-9.04228545550723e-06,0,0,0,0,0,0,0,0,0,0,0,0,0,0,0,0,0,0,0,0,0,0,0,0,0
ZZ19,Psilocybin stim/resp Baseline,22826-002,300,-7.28896611690288e-06,-8.56175756780431e-06,-7.26628559277742e-06,-1.07089217635803e-05,-9.08430683921324e-06,0,0,0,0,0,0,0,0,0,0,0,0,0,0,0,0,0,0,0,0,0,0,0,0,0
ZZ19,Psilocybin stim/resp Baseline,22826-002,400,-6.54030645819148e-06,8.51252661959734e-06,-5.56043733013212e-06,-5.95374876866117e-06,-7.01555927662412e-06,0,0,0,0,0,0,0,0,0,0,0,0,0,0,0,0,0,0,0,0,0,0,0,0,0
ZZ19,Psilocybin stim/resp Baseline,22826-002,500,-1.68439601111459e-06,-9.74382328422507e-06,6.22593404386862e-07,-1.08158246803214e-05,-2.91885226033628e-06,0,0,0,0,0,0,0,0,0,0,0,0,0,0,0,0,0,0,0,0,0,0,0,0,0
ZZ19,Psilocybin stim/resp Baseline,22826-002,600,-8.10848541732412e-06,-1.45109415825573e-05,-1.78125701495446e-05,-9.06285549717722e-06,-4.83762505609775e-06,0,0,0,0,0,0,0,0,0,0,0,0,0,0,0,0,0,0,0,0,0,0,0,0,0
ZZ19,Psilocybin stim/resp hour 24,22827-004,1,7.25098925613565e-06,6.3138804762275e-07,-3.55446036337526e-06,4.21872300648829e-06,-1.93756264366129e-07,0,0,0,0,0,0,0,0,0,0,0,0,0,0,0,0,0,0,0,0,0,0,0,0,0
ZZ19,Psilocybin stim/resp hour 24,22827-004,50,-9.10276776266983e-06,2.62259254668606e-06,-1.34136212182057e-06,1.16958244689158e-05,-3.97661597162369e-06,0,0,0,0,0,0,0,0,0,0,0,0,0,0,0,0,0,0,0,0,0,0,0,0,0
ZZ19,Psilocybin stim/resp hour 24,22827-004,100,5.35542903890018e-06,-2.88123078462377e-06,1.86000906978734e-05,3.99982491217088e-06,4.84167003378388e-06,0,0,0,0,0,0,0,0,0,0,0,0,0,0,0,0,0,0,0,0,0,0,0,0,0
ZZ19,Psilocybin stim/resp hour 24,22827-004,150,-3.64817719855637e-06,1.43613272030052e-06,6.76042418490397e-07,5.32518697582418e-06,1.05635217551026e-06,0,0,0,0,0,0,0,0,0,0,0,0,0,0,0,0,0,0,0,0,0,0,0,0,0
ZZ19,Psilocybin stim/resp hour 24,22827-004,200,6.10285042057512e-07,-2.06593540497124e-07,8.12289908935782e-06,8.38716368889436e-06,9.7723068392952e-06,0,0,0,0,0,0,0,0,0,0,0,0,0,0,0,0,0,0,0,0,0,0,0,0,0
ZZ19,Psilocybin stim/resp hour 24,22827-004,300,-1.01721288956469e-05,-1.26795557662263e-05,6.81142773828469e-06,-1.56729709033243e-06,5.48746811546152e-07,0,0,0,0,0,0,0,0,0,0,0,0,0,0,0,0,0,0,0,0,0,0,0,0,0
ZZ19,Psilocybin stim/resp hour 24,22827-004,400,-1.16087903734297e-05,-4.16141028836137e-06,1.03869879239937e-05,6.75058936394635e-06,-3.93145000998629e-07,0,0,0,0,0,0,0,0,0,0,0,0,0,0,0,0,0,0,0,0,0,0,0,0,0
ZZ19,Psilocybin stim/resp hour 24,22827-004,500,-7.22391268936917e-06,-5.24413053426542e-06,-9.80342792900046e-06,5.8567038649926e-06,3.31639512296533e-06,0,0,0,0,0,0,0,0,0,0,0,0,0,0,0,0,0,0,0,0,0,0,0,0,0
ZZ19,Psilocybin stim/resp hour 24,22827-004,600,-4.77977982882294e-06,-9.5333562057931e-06,5.49837386643048e-06,-5.89854289501091e-06,-1.96501468963106e-06,0,0,0,0,0,0,0,0,0,0,0,0,0,0,0,0,0,0,0,0,0,0,0,0,0
ZZ19,Psilocybin stim/resp Baseline,22907-002,1,1.33450623707176e-06,-5.19560398970498e-06,-1.13468140625628e-05,-8.87454825715395e-06,7.97626216808567e-06,0,0,0,0,0,0,0,0,0,0,0,0,0,0,0,0,0,0,0,0,0,0,0,0,0
ZZ19,Psilocybin stim/resp Baseline,22907-002,50,-4.22962602897314e-06,7.19454965292243e-06,3.83085489374935e-06,5.26224175700918e-06,1.47194714372745e-05,0,0,0,0,0,0,0,0,0,0,0,0,0,0,0,0,0,0,0,0,0,0,0,0,0
ZZ19,Psilocybin stim/resp Baseline,22907-002,100,6.11041696174652e-06,-1.43203515108326e-05,-8.51165964377287e-07,-1.07375826701173e-05,5.19437298862613e-06,0,0,0,0,0,0,0,0,0,0,0,0,0,0,0,0,0,0,0,0,0,0,0,0,0
ZZ19,Psilocybin stim/resp Baseline,22907-002,150,-1.30268222164887e-06,-1.43655352076166e-05,-5.69670237382525e-06,5.00782334711403e-06,-1.02530093499809e-05,0,0,0,0,0,0,0,0,0,0,0,0,0,0,0,0,0,0,0,0,0,0,0,0,0
ZZ19,Psilocybin stim/resp Baseline,22907-002,200,-1.0708215086197e-05,-6.26672499492997e-06,-1.53271193994442e-05,-3.97538451579749e-06,-5.35753679287154e-06,0,0,0,0,0,0,0,0,0,0,0,0,0,0,0,0,0,0,0,0,0,0,0,0,0
ZZ19,Psilocybin stim/resp Baseline,22907-002,300,-8.61591161083197e-06,1.15402199298842e-05,-1.09923521449673e-05,-1.04341070255032e-05,-1.51738013300928e-05,0,0,0,0,0,0,0,0,0,0,0,0,0,0,0,0,0,0,0,0,0,0,0,0,0
ZZ19,Psilocybin stim/resp Baseline,22907-002,400,-1.5352969057858e-05,-2.08316487260163e-06,-3.7146369322727e-06,-5.38197673449758e-06,-1.26737577375025e-05,0,0,0,0,0,0,0,0,0,0,0,0,0,0,0,0,0,0,0,0,0,0,0,0,0
ZZ19,Psilocybin stim/resp Baseline,22907-002,500,-1.47945938806515e-05,-1.12504612843622e-05,-3.49995616488741e-06,7.96835593064316e-07,6.78892411087872e-06,0,0,0,0,0,0,0,0,0,0,0,0,0,0,0,0,0,0,0,0,0,0,0,0,0
ZZ19,Psilocybin stim/resp Baseline,22907-002,600,-1.61476850735198e-06,-1.08096701296745e-05,-2.32703246183519e-06,-2.57301053352421e-06,-8.31191209726967e-06,0,0,0,0,0,0,0,0,0,0,0,0,0,0,0,0,0,0,0,0,0,0,0,0,0
ZZ19,Psilocybin stim/resp hour 24,22908-008,1,-1.259429836864e-06,1.304702982452e-05,-2.55578015639912e-06,-1.11963063318399e-05,3.57626504410291e-06,0,0,0,0,0,0,0,0,0,0,0,0,0,0,0,0,0,0,0,0,0,0,0,0,0
ZZ19,Psilocybin stim/resp hour 24,22908-008,50,8.63507739268243e-06,1.00478255262715e-05,4.68799953523558e-06,-3.65730556950439e-08,3.62777996087971e-06,0,0,0,0,0,0,0,0,0,0,0,0,0,0,0,0,0,0,0,0,0,0,0,0,0
ZZ19,Psilocybin stim/resp hour 24,22908-008,100,5.83437258683261e-06,-6.57933924230747e-07,-1.03454988220619e-06,1.09529646579176e-05,1.14340246000211e-05,0,0,0,0,0,0,0,0,0,0,0,0,0,0,0,0,0,0,0,0,0,0,0,0,0
ZZ19,Psilocybin stim/resp hour 24,22908-008,150,1.1719913345587e-05,-9.15515443011827e-07,1.10118680822779e-05,3.82892358175013e-06,1.14496674541442e-06,0,0,0,0,0,0,0,0,0,0,0,0,0,0,0,0,0,0,0,0,0,0,0,0,0
ZZ19,Psilocybin stim/resp hour 24,22908-008,200,2.70857299256022e-06,2.28887938646949e-06,1.35444379338878e-05,-5.41098870598944e-06,1.28733154269867e-05,0,0,0,0,0,0,0,0,0,0,0,0,0,0,0,0,0,0,0,0,0,0,0,0,0
ZZ19,Psilocybin stim/resp hour 24,22908-008,300,2.64404343397473e-06,5.1562192311394e-06,-4.92491381010041e-09,5.6335825320275e-06,-5.02065813634545e-06,0,0,0,0,0,0,0,0,0,0,0,0,0,0,0,0,0,0,0,0,0,0,0,0,0
ZZ19,Psilocybin stim/resp hour 24,22908-008,400,-3.54655048795394e-06,1.26452778204111e-06,-3.12668180413311e-06,9.8048330983147e-06,-3.99314376409166e-06,0,0,0,0,0,0,0,0,0,0,0,0,0,0,0,0,0,0,0,0,0,0,0,0,0
ZZ19,Psilocybin stim/resp hour 24,22908-008,500,-7.21969126971089e-06,7.50733852328267e-06,9.78074695012765e-06,3.16307705361396e-06,6.92078947395203e-06,0,0,0,0,0,0,0,0,0,0,0,0,0,0,0,0,0,0,0,0,0,0,0,0,0
ZZ19,Psilocybin stim/resp hour 24,22908-008,600,6.9953393904143e-06,1.0950505384244e-05,2.14347119253944e-06,1.67630764735804e-06,5.30602028447902e-06,0,0,0,0,0,0,0,0,0,0,0,0,0,0,0,0,0,0,0,0,0,0,0,0,0
ZZ19,Psilocybin stim/resp Baseline,22928-002,1,6.42549457552377e-06,1.92544894161983e-06,5.3805738389201e-06,5.10874542669626e-06,1.3800445231027e-06,0,0,0,0,0,0,0,0,0,0,0,0,0,0,0,0,0,0,0,0,0,0,0,0,0
ZZ19,Psilocybin stim/resp Baseline,22928-002,50,1.36928347274079e-05,1.48267226904863e-05,1.36998660309473e-05,1.7292481061304e-05,1.26489676404162e-05,0,0,0,0,0,0,0,0,0,0,0,0,0,0,0,0,0,0,0,0,0,0,0,0,0
ZZ19,Psilocybin stim/resp Baseline,22928-002,100,8.85890040080994e-06,1.58795573952375e-05,1.88907197298249e-05,1.87838249985361e-05,1.79551661858568e-05,0,0,0,0,0,0,0,0,0,0,0,0,0,0,0,0,0,0,0,0,0,0,0,0,0
ZZ19,Psilocybin stim/resp Baseline,22928-002,150,1.49911193148e-05,1.64260218298296e-05,1.67978887475329e-05,1.87606128747575e-05,1.50043069879757e-05,0,0,0,0,0,0,0,0,0,0,0,0,0,0,0,0,0,0,0,0,0,0,0,0,0
ZZ19,Psilocybin stim/resp Baseline,22928-002,200,1.88265494216466e-05,1.19970127343549e-05,2.05109463422559e-05,1.92557308764663e-05,1.79512953764061e-05,0,0,0,0,0,0,0,0,0,0,0,0,0,0,0,0,0,0,0,0,0,0,0,0,0
ZZ19,Psilocybin stim/resp Baseline,22928-002,300,1.48894941958133e-05,1.76720877789194e-05,1.79141934495419e-05,1.67096259247046e-05,1.96608325495617e-05,0,0,0,0,0,0,0,0,0,0,0,0,0,0,0,0,0,0,0,0,0,0,0,0,0
ZZ19,Psilocybin stim/resp Baseline,22928-002,400,1.42858898470877e-05,1.68567930813879e-05,1.40806996569154e-05,1.57216691150097e-05,1.66227655427065e-05,0,0,0,0,0,0,0,0,0,0,0,0,0,0,0,0,0,0,0,0,0,0,0,0,0
ZZ19,Psilocybin stim/resp Baseline,22928-002,500,1.48924809764139e-05,1.88703306776006e-05,1.6109010175569e-05,9.32465991354547e-06,1.78992504515918e-05,0,0,0,0,0,0,0,0,0,0,0,0,0,0,0,0,0,0,0,0,0,0,0,0,0
ZZ19,Psilocybin stim/resp Baseline,22928-002,600,1.70751573023153e-05,1.45061949297087e-05,1.66392965184059e-05,1.87569221452577e-05,2.19377543544397e-05,0,0,0,0,0,0,0,0,0,0,0,0,0,0,0,0,0,0,0,0,0,0,0,0,0
ZZ19,Psilocybin stim/resp hour 24,22929-002,1,-1.62092292157467e-05,-2.69344900516444e-06,-2.85837177216308e-06,-7.4690101428132e-06,-7.60035072744358e-06,0,0,0,0,0,0,0,0,0,0,0,0,0,0,0,0,0,0,0,0,0,0,0,0,0
ZZ19,Psilocybin stim/resp hour 24,22929-002,50,4.41668987605226e-07,-6.0007041611243e-06,-2.25529379349609e-06,-4.81234337712522e-07,-3.6158246530249e-06,0,0,0,0,0,0,0,0,0,0,0,0,0,0,0,0,0,0,0,0,0,0,0,0,0
ZZ19,Psilocybin stim/resp hour 24,22929-002,100,6.67498852635617e-06,-1.34065919610293e-06,4.31823650615115e-07,-1.39410747124202e-06,-1.13747692012112e-05,0,0,0,0,0,0,0,0,0,0,0,0,0,0,0,0,0,0,0,0,0,0,0,0,0
ZZ19,Psilocybin stim/resp hour 24,22929-002,150,3.84017448595841e-06,-2.19252797251102e-07,-2.3596021492267e-07,1.00676970760105e-06,4.03341260835077e-07,0,0,0,0,0,0,0,0,0,0,0,0,0,0,0,0,0,0,0,0,0,0,0,0,0
ZZ19,Psilocybin stim/resp hour 24,22929-002,200,5.57889961783076e-07,5.73010856896872e-06,8.48738363856683e-06,-8.30698809295427e-06,2.89160448119219e-06,0,0,0,0,0,0,0,0,0,0,0,0,0,0,0,0,0,0,0,0,0,0,0,0,0
ZZ19,Psilocybin stim/resp hour 24,22929-002,300,-6.69591008772841e-06,-1.12975822048611e-05,-4.16896546084899e-06,3.44000295626756e-06,-7.14760426490102e-06,0,0,0,0,0,0,0,0,0,0,0,0,0,0,0,0,0,0,0,0,0,0,0,0,0
ZZ19,Psilocybin stim/resp hour 24,22929-002,400,1.16219871415524e-06,-6.945055019969e-08,7.91909997133189e-07,-3.67296661352157e-06,3.59911973646376e-06,0,0,0,0,0,0,0,0,0,0,0,0,0,0,0,0,0,0,0,0,0,0,0,0,0
ZZ19,Psilocybin stim/resp hour 24,22929-002,500,-2.29116403716034e-06,-4.79295977129368e-07,4.42584587290185e-06,-4.15279146182002e-06,-4.45784689873108e-06,0,0,0,0,0,0,0,0,0,0,0,0,0,0,0,0,0,0,0,0,0,0,0,0,0
ZZ19,Psilocybin stim/resp hour 24,22929-002,600,5.57608655071817e-06,-4.76711920782691e-06,5.92174501434783e-07,4.07209427066846e-07,5.42418547411216e-07,0,0,0,0,0,0,0,0,0,0,0,0,0,0,0,0,0,0,0,0,0,0,0,0,0
ZZ20,Psilocybin stim/resp Baseline,22826-003,1,-1.05740664366749e-05,-7.91947968536988e-07,-4.12887857237365e-06,-1.20179338409798e-05,3.586828825064e-07,0,0,0,0,0,0,0,0,0,0,0,0,0,0,0,0,0,0,0,0,0,0,0,0,0
ZZ20,Psilocybin stim/resp Baseline,22826-003,50,-5.89970877626911e-05,-9.75414368440397e-05,-0.000131240260088816,-7.95788946561515e-05,-6.8625231506303e-05,0,0,0,0,0,0,0,0,0,0,0,0,0,0,0,0,0,0,0,0,0,0,0,0,0
ZZ20,Psilocybin stim/resp Baseline,22826-003,100,-0.000262485060375184,-0.000222589005716145,-0.000172510248376057,-0.0002158224087907,-0.000240142573602498,0,0,0,0,0,0,0,0,0,0,0,0,0,0,0,0,0,0,0,0,0,0,0,0,0
ZZ20,Psilocybin stim/resp Baseline,22826-003,150,-0.000311804295051843,-0.000271708151558414,-0.000240915149333887,-0.000233666112762876,-0.000267826806521043,0,0,0,0,0,0,0,0,0,0,0,0,0,0,0,0,0,0,0,0,0,0,0,0,0
ZZ20,Psilocybin stim/resp Baseline,22826-003,200,-0.000322960841003805,-0.000257896055700257,-0.000294512312393636,-0.000318455597152933,-0.000297229562420398,0,0,0,0,0,0,0,0,0,0,0,0,0,0,0,0,0,0,0,0,0,0,0,0,0
ZZ20,Psilocybin stim/resp Baseline,22826-003,300,-0.000329342612531036,-0.000311019772198051,-0.00028979021590203,-0.000307216861983761,-0.000330112321535125,0,0,0,0,0,0,0,0,0,0,0,0,0,0,0,0,0,0,0,0,0,0,0,0,0
ZZ20,Psilocybin stim/resp Baseline,22826-003,400,-0.000364272476872429,-0.000316801044391468,-0.000339619844453409,-0.000371589005226269,-0.000310554140014574,0,0,0,0,0,0,0,0,0,0,0,0,0,0,0,0,0,0,0,0,0,0,0,0,0
ZZ20,Psilocybin stim/resp Baseline,22826-003,500,-0.000307216367218643,-0.000335374934365973,-0.000334075215505436,-0.000320904247928411,-0.000341336417477578,0,0,0,0,0,0,0,0,0,0,0,0,0,0,0,0,0,0,0,0,0,0,0,0,0
ZZ20,Psilocybin stim/resp Baseline,22826-003,600,-0.000320807012030855,-0.000328768830513582,-0.000322393665555865,-0.000341114704497159,-0.000363157567335293,0,0,0,0,0,0,0,0,0,0,0,0,0,0,0,0,0,0,0,0,0,0,0,0,0
ZZ20,Psilocybin stim/resp hour 24,22827-005,1,-1.78941554622725e-05,-3.77383657905739e-05,3.85107523470651e-06,1.47053906403016e-05,-3.40290034728241e-06,0,0,0,0,0,0,0,0,0,0,0,0,0,0,0,0,0,0,0,0,0,0,0,0,0
ZZ20,Psilocybin stim/resp hour 24,22827-005,50,-4.47488309873734e-05,-4.23787205363624e-05,6.94909249432385e-06,-6.48567947791889e-05,-3.76012249034829e-05,0,0,0,0,0,0,0,0,0,0,0,0,0,0,0,0,0,0,0,0,0,0,0,0,0
ZZ20,Psilocybin stim/resp hour 24,22827-005,100,-0.000230100893531926,-0.000151903295773081,-0.000204730895347893,-0.00016746214532759,-0.000131120148580521,0,0,0,0,0,0,0,0,0,0,0,0,0,0,0,0,0,0,0,0,0,0,0,0,0
ZZ20,Psilocybin stim/resp hour 24,22827-005,150,-0.000272166507784277,-0.000332076655467972,-0.000245646049734205,-0.000285814516246319,-0.000310542585793883,0,0,0,0,0,0,0,0,0,0,0,0,0,0,0,0,0,0,0,0,0,0,0,0,0
ZZ20,Psilocybin stim/resp hour 24,22827-005,200,-0.000333380361553282,-0.000310798059217632,-0.000287529139313847,-0.000208061872399412,-0.00032368052052334,0,0,0,0,0,0,0,0,0,0,0,0,0,0,0,0,0,0,0,0,0,0,0,0,0
ZZ20,Psilocybin stim/resp hour 24,22827-005,300,-0.00034954323200509,-0.000302892498439178,-0.000350982678355649,-0.000308806833345443,-0.000319701473927125,0,0,0,0,0,0,0,0,0,0,0,0,0,0,0,0,0,0,0,0,0,0,0,0,0
ZZ20,Psilocybin stim/resp hour 24,22827-005,400,-0.000316189718432724,-0.000316889985697344,-0.000284098787233233,-0.000266577175352722,-0.000315597309963778,0,0,0,0,0,0,0,0,0,0,0,0,0,0,0,0,0,0,0,0,0,0,0,0,0
ZZ20,Psilocybin stim/resp hour 24,22827-005,500,-0.000293595949187875,-0.000309562892653048,-0.000355989061063156,-0.000311885494738817,-0.000278950668871403,0,0,0,0,0,0,0,0,0,0,0,0,0,0,0,0,0,0,0,0,0,0,0,0,0
ZZ20,Psilocybin stim/resp hour 24,22827-005,600,-0.000303199602058157,-0.000335301592713222,-0.000306963658658788,-0.000352410366758704,-0.000324664259096608,0,0,0,0,0,0,0,0,0,0,0,0,0,0,0,0,0,0,0,0,0,0,0,0,0
ZZ20,Psilocybin stim/resp Baseline,22907-003,1,-3.26774497807492e-05,-4.57814458059147e-05,-1.58113398356363e-05,8.35973514767829e-06,1.37230767904839e-06,0,0,0,0,0,0,0,0,0,0,0,0,0,0,0,0,0,0,0,0,0,0,0,0,0
ZZ20,Psilocybin stim/resp Baseline,22907-003,50,-1.05974468169734e-05,-9.60826491791522e-06,-1.67755588336149e-05,-1.56480000441661e-05,-2.26429874601308e-05,0,0,0,0,0,0,0,0,0,0,0,0,0,0,0,0,0,0,0,0,0,0,0,0,0
ZZ20,Psilocybin stim/resp Baseline,22907-003,100,-3.08202143060043e-05,-2.84843990812078e-05,-4.18535382777918e-05,-3.0460832931567e-05,-4.2402640247019e-05,0,0,0,0,0,0,0,0,0,0,0,0,0,0,0,0,0,0,0,0,0,0,0,0,0
ZZ20,Psilocybin stim/resp Baseline,22907-003,150,-0.000127435574540868,-0.000110342320112977,-0.000119797266961541,-7.32632906874642e-05,-0.000101401659776457,0,0,0,0,0,0,0,0,0,0,0,0,0,0,0,0,0,0,0,0,0,0,0,0,0
ZZ20,Psilocybin stim/resp Baseline,22907-003,200,-0.00015790575707797,-0.000147689657751471,-0.000103129306808114,-7.57492671255022e-05,-9.54393035499379e-05,0,0,0,0,0,0,0,0,0,0,0,0,0,0,0,0,0,0,0,0,0,0,0,0,0
ZZ20,Psilocybin stim/resp Baseline,22907-003,300,-0.000157225818838924,-0.000174583023181185,-0.000130418804474175,-9.45626379689202e-05,-0.0001444337394787,0,0,0,0,0,0,0,0,0,0,0,0,0,0,0,0,0,0,0,0,0,0,0,0,0
ZZ20,Psilocybin stim/resp Baseline,22907-003,400,-0.00013711751671508,-0.000143073237268254,-0.000107520703750197,-0.000130045344121754,-0.000144538018503226,0,0,0,0,0,0,0,0,0,0,0,0,0,0,0,0,0,0,0,0,0,0,0,0,0
ZZ20,Psilocybin stim/resp Baseline,22907-003,500,-0.000154155393829569,-0.000120951553981286,-0.000142464181408286,-0.000120382239401806,-0.00015734187036287,0,0,0,0,0,0,0,0,0,0,0,0,0,0,0,0,0,0,0,0,0,0,0,0,0
ZZ20,Psilocybin stim/resp Baseline,22907-003,600,-0.000169248349266127,-0.000137724477099255,-0.000104880884464364,-0.000141855809488334,-0.000154075940372422,0,0,0,0,0,0,0,0,0,0,0,0,0,0,0,0,0,0,0,0,0,0,0,0,0
ZZ20,Psilocybin stim/resp hour 24,22908-009,1,-1.44010527947103e-05,2.9516837457777e-05,1.55129673657939e-05,-1.67718644661363e-06,5.24096685694531e-06,0,0,0,0,0,0,0,0,0,0,0,0,0,0,0,0,0,0,0,0,0,0,0,0,0
ZZ20,Psilocybin stim/resp hour 24,22908-009,50,7.94690186012303e-06,-2.62785069935489e-05,-1.31518236230477e-05,-5.04110794281587e-05,-2.60789456660859e-05,0,0,0,0,0,0,0,0,0,0,0,0,0,0,0,0,0,0,0,0,0,0,0,0,0
ZZ20,Psilocybin stim/resp hour 24,22908-009,100,-1.49680909089511e-05,-3.55305455741473e-05,-1.15913862828165e-05,-4.2494764784351e-05,-2.60079013969516e-06,0,0,0,0,0,0,0,0,0,0,0,0,0,0,0,0,0,0,0,0,0,0,0,0,0
ZZ20,Psilocybin stim/resp hour 24,22908-009,150,-4.49466388090514e-05,-6.89557782607153e-05,-5.25589421158656e-05,-4.08191554015502e-05,-4.29035608249251e-05,0,0,0,0,0,0,0,0,0,0,0,0,0,0,0,0,0,0,0,0,0,0,0,0,0
ZZ20,Psilocybin stim/resp hour 24,22908-009,200,-6.69267610646784e-05,-8.12543148640543e-05,-7.54041248001158e-05,-2.25162166316295e-05,4.70488521386869e-06,0,0,0,0,0,0,0,0,0,0,0,0,0,0,0,0,0,0,0,0,0,0,0,0,0
ZZ20,Psilocybin stim/resp hour 24,22908-009,300,-0.000104158585600089,-7.14844645699486e-05,-4.7392699343618e-05,-3.9173257391667e-05,-5.91279167565517e-05,0,0,0,0,0,0,0,0,0,0,0,0,0,0,0,0,0,0,0,0,0,0,0,0,0
ZZ20,Psilocybin stim/resp hour 24,22908-009,400,-9.66748048085719e-05,-0.000127879378851503,-9.11741444724612e-05,-5.80638043174986e-05,-0.000116008959594183,0,0,0,0,0,0,0,0,0,0,0,0,0,0,0,0,0,0,0,0,0,0,0,0,0
ZZ20,Psilocybin stim/resp hour 24,22908-009,500,-8.35672835819423e-05,-4.1608429455664e-05,-8.53056626510806e-05,-6.37443517916836e-05,-7.82684801379219e-05,0,0,0,0,0,0,0,0,0,0,0,0,0,0,0,0,0,0,0,0,0,0,0,0,0
ZZ20,Psilocybin stim/resp hour 24,22908-009,600,-5.51187695236877e-05,-0.000184062228072435,-9.72089474089444e-05,-0.000130652842926793,-0.000104166501841974,0,0,0,0,0,0,0,0,0,0,0,0,0,0,0,0,0,0,0,0,0,0,0,0,0
ZZ21,Psilocybin stim/resp Baseline,22914-003,1,-4.34443791164085e-06,5.05230900671449e-06,-8.66566915647127e-06,-5.95534220337868e-06,9.38900484470651e-07,0,0,0,0,0,0,0,0,0,0,0,0,0,0,0,0,0,0,0,0,0,0,0,0,0
ZZ21,Psilocybin stim/resp Baseline,22914-003,50,-0.000106743747892324,-0.000115309194370639,-9.72334019024856e-05,-0.000108106702100486,-0.000112547852040734,0,0,0,0,0,0,0,0,0,0,0,0,0,0,0,0,0,0,0,0,0,0,0,0,0
ZZ21,Psilocybin stim/resp Baseline,22914-003,100,-0.000111387074866798,-9.81765188043937e-05,-0.000125905949971639,-0.000114428294182289,-9.03203399502672e-05,0,0,0,0,0,0,0,0,0,0,0,0,0,0,0,0,0,0,0,0,0,0,0,0,0
ZZ21,Psilocybin stim/resp Baseline,22914-003,150,-0.000132838482386433,-9.31934846448712e-05,-0.000111915949673858,-0.000124539088574238,-0.000133614928927273,0,0,0,0,0,0,0,0,0,0,0,0,0,0,0,0,0,0,0,0,0,0,0,0,0
ZZ21,Psilocybin stim/resp Baseline,22914-003,200,-0.000113610898551997,-0.000141096796141937,-0.000129507840028964,-0.000109938453533687,-0.000106943814898841,0,0,0,0,0,0,0,0,0,0,0,0,0,0,0,0,0,0,0,0,0,0,0,0,0
ZZ21,Psilocybin stim/resp Baseline,22914-003,300,-0.000116068753413856,-0.000133361390908249,-0.000107480962469708,-0.000100907258456573,-0.00010755674156826,0,0,0,0,0,0,0,0,0,0,0,0,0,0,0,0,0,0,0,0,0,0,0,0,0
ZZ21,Psilocybin stim/resp Baseline,22914-003,400,-0.000107313899206929,-0.000116430055641104,-0.000119271724543069,-9.87737876130268e-05,-0.000126946964883246,0,0,0,0,0,0,0,0,0,0,0,0,0,0,0,0,0,0,0,0,0,0,0,0,0
ZZ21,Psilocybin stim/resp Baseline,22914-003,500,-0.000118085081339814,-0.000124596554087475,-0.000130632281070575,-0.000139179624966346,-0.000106018997030333,0,0,0,0,0,0,0,0,0,0,0,0,0,0,0,0,0,0,0,0,0,0,0,0,0
ZZ21,Psilocybin stim/resp Baseline,22914-003,600,-0.00010072581062559,-9.89403197309002e-05,-0.000107546729850583,-0.000132058543385938,-9.63212296483107e-05,0,0,0,0,0,0,0,0,0,0,0,0,0,0,0,0,0,0,0,0,0,0,0,0,0
ZZ21,Psilocybin stim/resp hour 24,22915-001,1,-8.27164876682218e-06,-1.28040437630261e-05,-1.04446571640437e-05,4.28202702096314e-06,-9.57397878664779e-06,0,0,0,0,0,0,0,0,0,0,0,0,0,0,0,0,0,0,0,0,0,0,0,0,0
ZZ21,Psilocybin stim/resp hour 24,22915-001,50,-8.04042283562012e-05,-6.96504648658447e-05,-5.67477763979696e-05,-6.8812478275504e-05,-6.62500169710256e-05,0,0,0,0,0,0,0,0,0,0,0,0,0,0,0,0,0,0,0,0,0,0,0,0,0
ZZ21,Psilocybin stim/resp hour 24,22915-001,100,-9.08551883185282e-05,-0.000122030214697588,-0.000107780724647455,-8.79970175446942e-05,-9.65976141742431e-05,0,0,0,0,0,0,0,0,0,0,0,0,0,0,0,0,0,0,0,0,0,0,0,0,0
ZZ21,Psilocybin stim/resp hour 24,22915-001,150,-7.63977077440359e-05,-9.89781037787907e-05,-0.000107663108792622,-9.43706254474819e-05,-0.000130081767565571,0,0,0,0,0,0,0,0,0,0,0,0,0,0,0,0,0,0,0,0,0,0,0,0,0
ZZ21,Psilocybin stim/resp hour 24,22915-001,200,-9.10129165276885e-05,-9.81689663603902e-05,-8.39954227558337e-05,-6.10559873166494e-05,-0.000132524452055804,0,0,0,0,0,0,0,0,0,0,0,0,0,0,0,0,0,0,0,0,0,0,0,0,0
ZZ21,Psilocybin stim/resp hour 24,22915-001,300,-8.92397292773239e-05,-0.000107506639324129,-0.000106079824035987,-9.60919205681421e-05,-0.000138198491185904,0,0,0,0,0,0,0,0,0,0,0,0,0,0,0,0,0,0,0,0,0,0,0,0,0
ZZ21,Psilocybin stim/resp hour 24,22915-001,400,-0.000120776239782572,-9.26127468119375e-05,-9.87090752460063e-05,-9.28151202970184e-05,-0.000116522372991312,0,0,0,0,0,0,0,0,0,0,0,0,0,0,0,0,0,0,0,0,0,0,0,0,0
ZZ21,Psilocybin stim/resp hour 24,22915-001,500,-8.62361121107824e-05,-8.94700569915585e-05,-0.000113094676635228,-9.85195656539872e-05,-0.000100219942396507,0,0,0,0,0,0,0,0,0,0,0,0,0,0,0,0,0,0,0,0,0,0,0,0,0
ZZ21,Psilocybin stim/resp hour 24,22915-001,600,-0.000122171593829989,-0.000109519125544466,-9.84497528406791e-05,-0.000116653187433258,-0.00010247717727907,0,0,0,0,0,0,0,0,0,0,0,0,0,0,0,0,0,0,0,0,0,0,0,0,0
ZZ21,Psilocybin stim/resp Baseline,22o05-001,1,2.93204266199609e-06,1.14778049464803e-06,-6.67516724206507e-06,3.39639564117533e-06,-1.1558677215362e-06,0,0,0,0,0,0,0,0,0,0,0,0,0,0,0,0,0,0,0,0,0,0,0,0,0
ZZ21,Psilocybin stim/resp Baseline,22o05-001,50,-8.00314664957114e-05,-6.5190666646231e-05,-3.2926065614447e-05,-6.68203792884015e-05,-6.74853581585921e-05,0,0,0,0,0,0,0,0,0,0,0,0,0,0,0,0,0,0,0,0,0,0,0,0,0
ZZ21,Psilocybin stim/resp Baseline,22o05-001,100,-0.000102305391919799,-9.37967342906632e-05,-0.000107540916360449,-9.48944070842117e-05,-8.50871147122234e-05,0,0,0,0,0,0,0,0,0,0,0,0,0,0,0,0,0,0,0,0,0,0,0,0,0
ZZ21,Psilocybin stim/resp Baseline,22o05-001,150,-0.000110121822217479,-0.000120341981528327,-0.000103602971648797,-8.45309841679409e-05,-0.000114887734525837,0,0,0,0,0,0,0,0,0,0,0,0,0,0,0,0,0,0,0,0,0,0,0,0,0
ZZ21,Psilocybin stim/resp Baseline,22o05-001,200,-9.07778594410047e-05,-0.000139048788696527,-9.83002901193686e-05,-0.000117031020636205,-8.58370112837292e-05,0,0,0,0,0,0,0,0,0,0,0,0,0,0,0,0,0,0,0,0,0,0,0,0,0
ZZ21,Psilocybin stim/resp Baseline,22o05-001,300,-0.000102266363683157,-0.000106596045952756,-8.33323938422836e-05,-9.80956465355121e-05,-0.000100905643193983,0,0,0,0,0,0,0,0,0,0,0,0,0,0,0,0,0,0,0,0,0,0,0,0,0
ZZ21,Psilocybin stim/resp Baseline,22o05-001,400,-0.00010647541785147,-0.000112871901364997,-8.67342459969223e-05,-8.92196840140969e-05,-0.000113433663500473,0,0,0,0,0,0,0,0,0,0,0,0,0,0,0,0,0,0,0,0,0,0,0,0,0
ZZ21,Psilocybin stim/resp Baseline,22o05-001,500,-9.51999973040074e-05,-0.000135608250275254,-0.000102237521787174,-7.70219048717991e-05,-0.000138713148771785,0,0,0,0,0,0,0,0,0,0,0,0,0,0,0,0,0,0,0,0,0,0,0,0,0
ZZ21,Psilocybin stim/resp Baseline,22o05-001,600,-0.000107340485556051,-0.000109278596937656,-9.95931477518752e-05,-0.000101573088613804,-0.000115979761176277,0,0,0,0,0,0,0,0,0,0,0,0,0,0,0,0,0,0,0,0,0,0,0,0,0
ZZ21,Psilocybin stim/resp hour 24,22o06-004,1,-1.94769163499586e-05,-7.8373623182415e-06,-1.73784565049573e-06,-1.64430766744772e-05,-1.0815288987942e-05,0,0,0,0,0,0,0,0,0,0,0,0,0,0,0,0,0,0,0,0,0,0,0,0,0
ZZ21,Psilocybin stim/resp hour 24,22o06-004,50,2.83551480606548e-06,-8.82373751665e-06,-6.55243911751313e-06,-5.3902413128526e-06,-2.22909557123785e-06,0,0,0,0,0,0,0,0,0,0,0,0,0,0,0,0,0,0,0,0,0,0,0,0,0
ZZ21,Psilocybin stim/resp hour 24,22o06-004,100,-6.16042088950053e-05,-4.76254863315262e-05,-6.1137048760429e-05,-5.69592921237927e-05,-5.26209951203782e-05,0,0,0,0,0,0,0,0,0,0,0,0,0,0,0,0,0,0,0,0,0,0,0,0,0
ZZ21,Psilocybin stim/resp hour 24,22o06-004,150,-8.94751501618885e-05,-8.85476765688509e-05,-8.8521497673355e-05,-7.29251842130907e-05,-9.06442073755898e-05,0,0,0,0,0,0,0,0,0,0,0,0,0,0,0,0,0,0,0,0,0,0,0,0,0
ZZ21,Psilocybin stim/resp hour 24,22o06-004,200,-0.000111003071651794,-6.91613095114008e-05,-8.66051777848043e-05,-9.79045362328179e-05,-7.32944245100953e-05,0,0,0,0,0,0,0,0,0,0,0,0,0,0,0,0,0,0,0,0,0,0,0,0,0
ZZ21,Psilocybin stim/resp hour 24,22o06-004,300,-0.000131043867440894,-0.000102150828752201,-8.82099193404429e-05,-9.23500629141927e-05,-0.000108013176941313,0,0,0,0,0,0,0,0,0,0,0,0,0,0,0,0,0,0,0,0,0,0,0,0,0
ZZ21,Psilocybin stim/resp hour 24,22o06-004,400,-0.000110731409222353,-0.000119917349366006,-9.31210379349068e-05,-8.84124820004217e-05,-0.000101176621683408,0,0,0,0,0,0,0,0,0,0,0,0,0,0,0,0,0,0,0,0,0,0,0,0,0
ZZ21,Psilocybin stim/resp hour 24,22o06-004,500,-0.000110828128526919,-8.23495429358445e-05,-7.9004472354427e-05,-9.20370948733762e-05,-0.000107936684798915,0,0,0,0,0,0,0,0,0,0,0,0,0,0,0,0,0,0,0,0,0,0,0,0,0
ZZ21,Psilocybin stim/resp hour 24,22o06-004,600,-0.000125082180602476,-9.24356863833964e-05,-0.000110531676909886,-8.51569129736163e-05,-0.000115546718006954,0,0,0,0,0,0,0,0,0,0,0,0,0,0,0,0,0,0,0,0,0,0,0,0,0
ZZ22,Psilocybin stim/resp Baseline,22o26-001,1,1.52135426105815e-05,-2.05406613531522e-05,8.22101264930097e-06,-1.20615368359722e-07,2.40298868448008e-06,0,0,0,0,0,0,0,0,0,0,0,0,0,0,0,0,0,0,0,0,0,0,0,0,0
ZZ22,Psilocybin stim/resp Baseline,22o26-001,50,3.19442697218619e-05,5.18062370247208e-05,5.02574002894107e-05,3.0560178856831e-05,4.07308943977114e-05,0,0,0,0,0,0,0,0,0,0,0,0,0,0,0,0,0,0,0,0,0,0,0,0,0
ZZ22,Psilocybin stim/resp Baseline,22o26-001,100,8.69765281095169e-05,7.96926542534493e-05,0.000108614331111312,9.22014878597111e-05,9.50595131143928e-05,0,0,0,0,0,0,0,0,0,0,0,0,0,0,0,0,0,0,0,0,0,0,0,0,0
ZZ22,Psilocybin stim/resp Baseline,22o26-001,150,9.86141531029716e-05,8.78259306773543e-05,0.000109760338091291,9.25408239709213e-05,8.65146212163381e-05,0,0,0,0,0,0,0,0,0,0,0,0,0,0,0,0,0,0,0,0,0,0,0,0,0
ZZ22,Psilocybin stim/resp Baseline,22o26-001,200,0.000120448865345679,0.000102373625850305,0.000113847709144466,0.000112998313852586,9.47903245105408e-05,0,0,0,0,0,0,0,0,0,0,0,0,0,0,0,0,0,0,0,0,0,0,0,0,0
ZZ22,Psilocybin stim/resp Baseline,22o26-001,300,0.000127254315884784,0.00011333361180732,0.000136746195494197,0.000125154430861585,0.00010869292600546,0,0,0,0,0,0,0,0,0,0,0,0,0,0,0,0,0,0,0,0,0,0,0,0,0
ZZ22,Psilocybin stim/resp Baseline,22o26-001,400,0.000121804303489625,0.000121267687063664,0.000127161489217542,0.000127617211546749,0.000171774561749771,0,0,0,0,0,0,0,0,0,0,0,0,0,0,0,0,0,0,0,0,0,0,0,0,0
ZZ22,Psilocybin stim/resp Baseline,22o26-001,500,0.000134747242555022,0.00013072912406642,0.000113627414975781,0.000125897844554856,0.000104684120742604,0,0,0,0,0,0,0,0,0,0,0,0,0,0,0,0,0,0,0,0,0,0,0,0,0
ZZ22,Psilocybin stim/resp Baseline,22o26-001,600,0.000132601824589074,0.000132472603581846,0.000132357978145592,0.000143827157444321,0.000143512079375796,0,0,0,0,0,0,0,0,0,0,0,0,0,0,0,0,0,0,0,0,0,0,0,0,0
ZZ22,Psilocybin stim/resp hour 24,22o27-001,1,1.99739588424563e-07,-1.16448450171447e-06,9.45916872296948e-06,-8.6139762061066e-06,-3.84576705982909e-05,0,0,0,0,0,0,0,0,0,0,0,0,0,0,0,0,0,0,0,0,0,0,0,0,0
ZZ22,Psilocybin stim/resp hour 24,22o27-001,50,0.000121247110655531,0.000122303463285789,0.000127757186419331,0.000131523498566821,0.000123076752061024,0,0,0,0,0,0,0,0,0,0,0,0,0,0,0,0,0,0,0,0,0,0,0,0,0
ZZ22,Psilocybin stim/resp hour 24,22o27-001,100,0.000208861863939092,0.000190750914043747,0.000203329036594369,0.000213667124626227,0.000204839379875921,0,0,0,0,0,0,0,0,0,0,0,0,0,0,0,0,0,0,0,0,0,0,0,0,0
ZZ22,Psilocybin stim/resp hour 24,22o27-001,150,0.000233771235798486,0.000211905877222307,0.000212280749110505,0.000234376595471986,0.000259039807133377,0,0,0,0,0,0,0,0,0,0,0,0,0,0,0,0,0,0,0,0,0,0,0,0,0
ZZ22,Psilocybin stim/resp hour 24,22o27-001,200,0.000251090619713068,0.000216657761484385,0.000211499762372114,0.000261778244748712,0.000210074344067834,0,0,0,0,0,0,0,0,0,0,0,0,0,0,0,0,0,0,0,0,0,0,0,0,0
ZZ22,Psilocybin stim/resp hour 24,22o27-001,300,0.000249227596214041,0.000281620217720047,0.000274405058007687,0.000269688811386004,0.000248570897383615,0,0,0,0,0,0,0,0,0,0,0,0,0,0,0,0,0,0,0,0,0,0,0,0,0
ZZ22,Psilocybin stim/resp hour 24,22o27-001,400,0.000274815829470754,0.000290787138510495,0.00026226372574456,0.000244101422140375,0.000273951271083206,0,0,0,0,0,0,0,0,0,0,0,0,0,0,0,0,0,0,0,0,0,0,0,0,0
ZZ22,Psilocybin stim/resp hour 24,22o27-001,500,0.000276065402431414,0.000273727288004011,0.000264133443124592,0.000290345458779484,0.00032340272446163,0,0,0,0,0,0,0,0,0,0,0,0,0,0,0,0,0,0,0,0,0,0,0,0,0
ZZ22,Psilocybin stim/resp hour 24,22o27-001,600,0.00030877414974384,0.000309624068904668,0.000299484294373542,0.000300844258163124,0.000315501005388796,0,0,0,0,0,0,0,0,0,0,0,0,0,0,0,0,0,0,0,0,0,0,0,0,0
ZZ22,Psilocybin stim/resp Baseline,22n16-001,1,1.88921312656021e-05,1.05884810182033e-05,6.48650575385545e-06,6.95595190336462e-06,9.74189151747851e-06,0,0,0,0,0,0,0,0,0,0,0,0,0,0,0,0,0,0,0,0,0,0,0,0,0
ZZ22,Psilocybin stim/resp Baseline,22n16-001,50,2.11869864870096e-05,4.15841786889359e-05,2.92675103992224e-05,1.85499720828375e-05,1.33629873744212e-05,0,0,0,0,0,0,0,0,0,0,0,0,0,0,0,0,0,0,0,0,0,0,0,0,0
ZZ22,Psilocybin stim/resp Baseline,22n16-001,100,7.95871528680436e-05,6.86732237227261e-05,7.64494034228846e-05,6.1141443438828e-05,0.000106980900454801,0,0,0,0,0,0,0,0,0,0,0,0,0,0,0,0,0,0,0,0,0,0,0,0,0
ZZ22,Psilocybin stim/resp Baseline,22n16-001,150,7.71405684645288e-05,0.000106971419882029,8.04819283075631e-05,8.49392381496727e-05,5.07215736433864e-05,0,0,0,0,0,0,0,0,0,0,0,0,0,0,0,0,0,0,0,0,0,0,0,0,0
ZZ22,Psilocybin stim/resp Baseline,22n16-001,200,9.32945840759203e-05,0.000120592150778975,8.47263290779665e-05,0.000105496452306397,8.22297952254303e-05,0,0,0,0,0,0,0,0,0,0,0,0,0,0,0,0,0,0,0,0,0,0,0,0,0
ZZ22,Psilocybin stim/resp Baseline,22n16-001,300,8.83940083440393e-05,8.13010992715135e-05,0.000116468203486875,7.83264986239374e-05,9.19553349376656e-05,0,0,0,0,0,0,0,0,0,0,0,0,0,0,0,0,0,0,0,0,0,0,0,0,0
ZZ22,Psilocybin stim/resp Baseline,22n16-001,400,9.49432942434214e-05,0.000121706558275037,6.48878776701167e-05,0.000106190418591723,7.81125199864618e-05,0,0,0,0,0,0,0,0,0,0,0,0,0,0,0,0,0,0,0,0,0,0,0,0,0
ZZ22,Psilocybin stim/resp Baseline,22n16-001,500,9.07737921806984e-05,8.50187134346925e-05,9.11398674361408e-05,7.70855258451775e-05,7.20001626177691e-05,0,0,0,0,0,0,0,0,0,0,0,0,0,0,0,0,0,0,0,0,0,0,0,0,0
ZZ22,Psilocybin stim/resp Baseline,22n16-001,600,0.000100000528618693,9.09506779862568e-05,0.000113450361823197,7.78426256147213e-05,8.89178045326844e-05,0,0,0,0,0,0,0,0,0,0,0,0,0,0,0,0,0,0,0,0,0,0,0,0,0
ZZ22,Psilocybin stim/resp hour 24,22n17-001,1,1.00726156233577e-05,-8.58461862662807e-06,1.60365671035834e-05,8.14470422483282e-06,1.57151625899132e-05,0,0,0,0,0,0,0,0,0,0,0,0,0,0,0,0,0,0,0,0,0,0,0,0,0
ZZ22,Psilocybin stim/resp hour 24,22n17-001,50,0.000101847210316919,5.42890484211966e-05,6.76321797072887e-05,7.06936261849478e-05,7.18918672646396e-05,0,0,0,0,0,0,0,0,0,0,0,0,0,0,0,0,0,0,0,0,0,0,0,0,0
ZZ22,Psilocybin stim/resp hour 24,22n17-001,100,0.000128444837173447,0.000140827571158297,0.000165296529303305,0.000161383024533279,0.000140370961162262,0,0,0,0,0,0,0,0,0,0,0,0,0,0,0,0,0,0,0,0,0,0,0,0,0
ZZ22,Psilocybin stim/resp hour 24,22n17-001,150,0.000152581429574639,0.000120898272143677,0.00014859989460092,0.000147319195093587,0.000162855387316085,0,0,0,0,0,0,0,0,0,0,0,0,0,0,0,0,0,0,0,0,0,0,0,0,0
ZZ22,Psilocybin stim/resp hour 24,22n17-001,200,0.000136616785312071,0.000132271292386577,0.000142386270454153,0.000132465400383808,0.000146650883834809,0,0,0,0,0,0,0,0,0,0,0,0,0,0,0,0,0,0,0,0,0,0,0,0,0
ZZ22,Psilocybin stim/resp hour 24,22n17-001,300,0.000113535454147495,0.000139775103889406,0.000139232506626286,0.00012673475430347,0.000154012115672231,0,0,0,0,0,0,0,0,0,0,0,0,0,0,0,0,0,0,0,0,0,0,0,0,0
ZZ22,Psilocybin stim/resp hour 24,22n17-001,400,0.000172810192452744,0.000133712877868675,0.000143064782605506,0.000167189282365143,0.000150138177559711,0,0,0,0,0,0,0,0,0,0,0,0,0,0,0,0,0,0,0,0,0,0,0,0,0
ZZ22,Psilocybin stim/resp hour 24,22n17-001,500,0.000157681031851098,0.000127166233141907,0.000155585235916078,0.000189424681593664,0.000179711089003831,0,0,0,0,0,0,0,0,0,0,0,0,0,0,0,0,0,0,0,0,0,0,0,0,0
ZZ22,Psilocybin stim/resp hour 24,22n17-001,600,0.000161596995894797,0.000164846234838478,0.000183769312570803,0.000164448152645491,0.000147172206197865,0,0,0,0,0,0,0,0,0,0,0,0,0,0,0,0,0,0,0,0,0,0,0,0,0
ZZ24,Psilocybin stim/resp Baseline,23224-001,1,2.21158661588561e-05,1.76188113982789e-05,9.79076958174119e-06,1.64539778779726e-05,1.47973605635343e-05,0,0,0,0,0,0,0,0,0,0,0,0,0,0,0,0,0,0,0,0,0,0,0,0,0
ZZ24,Psilocybin stim/resp Baseline,23224-001,50,-1.34672536660219e-05,1.6182681065402e-05,-2.0952962586307e-05,8.93468040885637e-06,3.02118769468507e-06,0,0,0,0,0,0,0,0,0,0,0,0,0,0,0,0,0,0,0,0,0,0,0,0,0
ZZ24,Psilocybin stim/resp Baseline,23224-001,100,2.00474696612218e-05,6.77310345054138e-06,2.34048347920179e-05,2.63284346146975e-05,2.42630303546321e-05,0,0,0,0,0,0,0,0,0,0,0,0,0,0,0,0,0,0,0,0,0,0,0,0,0
ZZ24,Psilocybin stim/resp Baseline,23224-001,150,-4.90127604280133e-06,4.44063298346009e-05,1.64529210451292e-05,3.47127934219316e-05,2.61054883594625e-05,0,0,0,0,0,0,0,0,0,0,0,0,0,0,0,0,0,0,0,0,0,0,0,0,0
ZZ24,Psilocybin stim/resp Baseline,23224-001,200,5.10095742356498e-05,5.95085621171165e-05,5.99493578192778e-05,7.70806000218727e-05,6.12021030974574e-05,0,0,0,0,0,0,0,0,0,0,0,0,0,0,0,0,0,0,0,0,0,0,0,0,0
ZZ24,Psilocybin stim/resp Baseline,23224-001,300,0.000120292912470177,9.88595929811709e-05,9.56180956563912e-05,6.70354347676039e-05,4.73990367027e-05,0,0,0,0,0,0,0,0,0,0,0,0,0,0,0,0,0,0,0,0,0,0,0,0,0
ZZ24,Psilocybin stim/resp Baseline,23224-001,400,9.23723928281106e-05,8.94473851076327e-05,8.55642938404344e-05,9.08246147446334e-05,7.8113742347341e-05,0,0,0,0,0,0,0,0,0,0,0,0,0,0,0,0,0,0,0,0,0,0,0,0,0
ZZ24,Psilocybin stim/resp Baseline,23224-001,500,0.000107075153209735,6.9068293669261e-05,8.61133958096616e-05,0.000109027503640391,9.7805357654579e-05,0,0,0,0,0,0,0,0,0,0,0,0,0,0,0,0,0,0,0,0,0,0,0,0,0
ZZ24,Psilocybin stim/resp Baseline,23224-001,600,9.98085088212974e-05,8.43426896608435e-05,0.000103477264929097,0.000118151889182627,0.000109156193502713,0,0,0,0,0,0,0,0,0,0,0,0,0,0,0,0,0,0,0,0,0,0,0,0,0
ZZ24,Psilocybin stim/resp hour 24,23225-003,1,-1.88291814993136e-05,-9.29265843296889e-06,5.18382694281172e-06,-5.649562808685e-06,-7.94233346823603e-06,0,0,0,0,0,0,0,0,0,0,0,0,0,0,0,0,0,0,0,0,0,0,0,0,0
ZZ24,Psilocybin stim/resp hour 24,23225-003,50,1.09100692498032e-05,1.35286145450664e-05,2.9063034162391e-05,9.26188931771321e-06,3.62781502190046e-05,0,0,0,0,0,0,0,0,0,0,0,0,0,0,0,0,0,0,0,0,0,0,0,0,0
ZZ24,Psilocybin stim/resp hour 24,23225-003,100,3.23036438203417e-05,2.13350303965854e-05,3.02951993944589e-05,2.22320868488168e-05,1.87992955034133e-05,0,0,0,0,0,0,0,0,0,0,0,0,0,0,0,0,0,0,0,0,0,0,0,0,0
ZZ24,Psilocybin stim/resp hour 24,23225-003,150,6.12545045441948e-05,3.86872998205945e-05,-3.56233831553254e-05,3.95134884456638e-05,2.94630353891989e-05,0,0,0,0,0,0,0,0,0,0,0,0,0,0,0,0,0,0,0,0,0,0,0,0,0
ZZ24,Psilocybin stim/resp hour 24,23225-003,200,1.40951215144014e-05,5.31349396624137e-05,5.90693525737152e-05,9.05710621736944e-05,2.74514222837752e-05,0,0,0,0,0,0,0,0,0,0,0,0,0,0,0,0,0,0,0,0,0,0,0,0,0
ZZ24,Psilocybin stim/resp hour 24,23225-003,300,7.24126512068324e-05,5.84975750825834e-05,6.04727865720633e-05,5.78004328417592e-05,7.27875158190727e-05,0,0,0,0,0,0,0,0,0,0,0,0,0,0,0,0,0,0,0,0,0,0,0,0,0
ZZ24,Psilocybin stim/resp hour 24,23225-003,400,5.57492749067023e-05,9.97541937977076e-05,5.6093715102179e-05,6.24170497758314e-05,5.65165682928637e-05,0,0,0,0,0,0,0,0,0,0,0,0,0,0,0,0,0,0,0,0,0,0,0,0,0
ZZ24,Psilocybin stim/resp hour 24,23225-003,500,9.61420519161038e-05,0.000123694931971841,0.000120048527605832,6.21408325969242e-05,0.000129384425235912,0,0,0,0,0,0,0,0,0,0,0,0,0,0,0,0,0,0,0,0,0,0,0,0,0
ZZ24,Psilocybin stim/resp hour 24,23225-003,600,0.0001003488432616,5.30050128872972e-05,9.18560108402744e-05,0.000136896327603608,0.000116021255962551,0,0,0,0,0,0,0,0,0,0,0,0,0,0,0,0,0,0,0,0,0,0,0,0,0
